"order_id","order_no","order_price","person_id"
4,123,4567,2
31,124,4007,1
32,125,4217,4
33,126,4321,3
34,127,5678,10
35,128,5000,6
36,129,6548,5
37,130,5438,11
38,131,6000,12
39,132,7000,15
40,133,5439,20
41,134,5487,19
42,135,4000,16
43,135,2000,17
44,136,2435,12
45,137,3000,5
46,138,2300,18
47,139,9000,2
48,140,1000,3
49,141,2000,5
50,142,3500,1
51,143,1900,5
52,144,1230,7
53,145,6000,9
54,146,3400,17
55,147,7000,13
56,148,4200,10
57,149,9800,12
58,150,1500,15
59,151,1300,3
60,151,5000,10
61,152,7354,14
62,153,2376,7
63,154,6543,8
64,155,5500,2
65,156,2300,3
66,138,2300,18
67,139,9000,2
68,140,1000,3
69,141,2000,5
70,142,3500,1
71,143,1900,5
72,144,1230,7
73,145,6000,9
74,146,3400,17
75,147,7000,13
76,148,4200,10
77,149,9800,12
78,150,1500,15
79,151,1300,3
80,151,5000,10
81,152,7354,14
82,153,2376,7
83,154,6543,8
84,155,5500,2
85,156,2300,3
86,157,3421,5
87,158,4235,6
88,159,9743,1
89,159,4235,7
90,160,6750,16
91,161,5436,1
92,162,5346,3
93,163,2300,5
94,164,5000,15
95,165,1230,10
96,166,7635,9
97,167,5320,11
98,168,2010,4
99,169,1600,15
100,170,7520,17
101,171,2310,1
102,172,9650,3
103,173,3400,5
104,174,2450,4
105,175,2387,14
106,176,3254,15
107,177,7000,7
108,178,1000,6
109,179,2389,9
110,180,8000,8
111,181,2370,18
112,182,2386,7
113,183,4500,9
114,184,5009,3
115,185,6500,6
116,186,5798,11
117,187,9262,2
118,189,5432,8
119,190,2571,1
120,191,5432,7
121,192,2546,2
122,193,1800,14
123,194,8760,5
124,195,8654,6
125,196,4200,9
126,197,9700,19
127,198,9300,1
128,199,1500,4
129,100,2567,10
130,1001,5420,2
131,1002,2300,16
132,1003,7600,3
133,1004,1054,8
134,1005,5342,15
135,1006,2387,5
136,1007,2430,11
137,1008,4321,6
138,1009,3000,13
139,1010,1000,1
140,1011,1900,4
141,1012,3456,1
142,1013,1278,20
143,1014,5498,19
144,1015,1560,18
145,1016,4235,16
146,1017,7390,11
147,1018,5398,15
148,1019,6700,13
149,1020,2900,20
150,1021,2100,2
151,1022,2450,5
152,1023,8540,7
153,1024,4532,1
154,1025,3400,3
155,1026,2715,6
156,1027,2900,4
157,1028,2310,18
158,1029,4320,19
159,1030,4520,16
160,1031,4318,11
161,1032,1200,17
162,1033,5321,2
163,1034,5700,6
164,1035,3210,9
165,1036,6430,10
166,1037,7540,12
167,1038,1600,5
168,1039,1543,6
169,1040,2560,18
170,1041,1800,20
171,1042,2700,1
172,1043,3287,3
173,1044,5432,8
174,1045,1700,11
175,1046,1560,14
176,1047,3456,16
177,1048,8734,3
178,1049,2865,9
179,1050,2800,10
180,1051,3245,4
181,1052,2367,1
182,1053,3426,3
183,1054,1600,2
184,1055,2450,19
185,1056,4230,20
186,1057,5421,13
187,1058,7890,17
188,1059,5460,15
189,1060,6540,6
190,1061,1200,5
191,1062,1300,9
192,1063,1543,13
193,1064,2390,11
194,1065,5400,10
195,1066,3290,12
196,1067,1900,15
197,1068,5300,6
198,1069,1298,4
199,1070,2761,2
200,1071,7600,16
201,1072,3400,19
202,1073,2430,1
203,1074,8613,20
204,1075,9270,4
205,1076,2435,8
206,1077,1900,2
207,1078,2010,11
208,1079,2100,15
209,1080,6574,9
210,1081,2614,8
211,1082,1300,12
212,1083,1452,2
213,1084,3210,8
214,1085,5420,4
215,1086,1200,7
216,1087,5426,2
217,1089,7865,11
218,1090,8354,17
219,1091,2981,2
220,1092,2456,13
221,1093,9827,14
222,1094,1823,6
223,1095,1754,2
224,1096,2451,20
225,1097,8721,15
226,1098,2413,10
227,1099,1600,7
228,1100,1832,2
