order_id,order_no,order_price,person_id
153,1024,4532,1
154,1025,3400,3
155,1026,2715,6
156,1027,2900,4
157,1028,2310,18
158,1029,4320,19
159,1030,4520,16
160,1031,4318,11
161,1032,1200,17
162,1033,5321,2
163,1034,5700,6
164,1035,3210,9
165,1036,6430,10
166,1037,7540,12
167,1038,1600,5
168,1039,1543,6
169,1040,2560,18
170,1041,1800,20
171,1042,2700,1
172,1043,3287,3
173,1044,5432,8
174,1045,1700,11
175,1046,1560,14
176,1047,3456,16
177,1048,8734,3
178,1049,2865,9
179,1050,2800,10
180,1051,3245,4
181,1052,2367,1
182,1053,3426,3
183,1054,1600,2
184,1055,2450,19
185,1056,4230,20
186,1057,5421,13
187,1058,7890,17
188,1059,5460,15
189,1060,6540,6
190,1061,1200,5
191,1062,1300,9
192,1063,1543,13
193,1064,2390,11
194,1065,5400,10
195,1066,3290,12
196,1067,1900,15
197,1068,5300,6
198,1069,1298,4
199,1070,2761,2
200,1071,7600,16
201,1072,3400,19
202,1073,2430,1
203,1074,8613,20
204,1075,9270,4
205,1076,2435,8
206,1077,1900,2
207,1078,2010,11
208,1079,2100,15
209,1080,6574,9
210,1081,2614,8
211,1082,1300,12
212,1083,1452,2
213,1084,3210,8
214,1085,5420,4
215,1086,1200,7
216,1087,5426,2
217,1089,7865,11
218,1090,8354,17
219,1091,2981,2
220,1092,2456,13
221,1093,9827,14
222,1094,1823,6
223,1095,1754,2
224,1096,2451,20
225,1097,8721,15
226,1098,2413,10
227,1099,1600,7
228,1100,1832,2
